<?xml version="1.0" encoding="UTF-8"?>
<project-private xmlns="http://www.netbeans.org/ns/project-private/1">
    <editor-bookmarks xmlns="http://www.netbeans.org/ns/editor-bookmarks/2" lastBookmarkId="0"/>
    <open-files xmlns="http://www.netbeans.org/ns/projectui-open-files/2">
        <group>
            <file>file:/F:/xampp/htdocs/MyProject/includes/header.php</file>
            <file>file:/F:/xampp/htdocs/MyProject/products.php</file>
            <file>file:/F:/xampp/htdocs/MyProject/Practice/Update_name_page.php</file>
            <file>file:/F:/xampp/htdocs/MyProject/Signup_script.php</file>
            <file>file:/F:/xampp/htdocs/MyProject/Practice/Fetcharray.php</file>
            <file>file:/F:/xampp/htdocs/MyProject/Login.php</file>
            <file>file:/F:/xampp/htdocs/MyProject/includes/common.php</file>
            <file>file:/F:/xampp/htdocs/MyProject/Login_submit.php</file>
            <file>file:/F:/xampp/htdocs/MyProject/Signup.php</file>
            <file>file:/F:/xampp/htdocs/MyProject/includes/Check_if_added.php</file>
            <file>file:/F:/xampp/htdocs/MyProject/Cart.php</file>
            <file>file:/F:/xampp/htdocs/MyProject/Cart_add.php</file>
            <file>file:/F:/xampp/htdocs/MyProject/success.php</file>
            <file>file:/F:/xampp/htdocs/MyProject/logout.php</file>
            <file>file:/F:/xampp/htdocs/MyProject/index.php</file>
            <file>file:/F:/xampp/htdocs/MyProject/Practice/update_name.php</file>
            <file>file:/F:/xampp/htdocs/MyProject/settings.php</file>
            <file>file:/F:/xampp/htdocs/MyProject/settings_script.php</file>
            <file>file:/F:/xampp/htdocs/MyProject/cart_remove.php</file>
        </group>
    </open-files>
</project-private>
